game_date,pitcher,team,opponent,location,strikeouts,outs,hits,earned_runs,walks,hit_batters,win_probability,projected_points,prediction_for
2026-09-30,Cristopher Sánchez,PHI,ATL,Away,5.705181121826172,17.001815795898438,4.974452972412109,2.516460418701172,1.9078398942947388,0.24778342247009277,,17.29887872934341,today
2026-09-30,Kevin Gausman,CHC,SD,Away,5.6314802169799805,17.15725326538086,5.0092573165893555,2.1583545207977295,1.9338597059249878,0.1311466544866562,,18.38008757382631,today
2026-09-30,Sean Burke,CWS,HOU,Away,4.312770843505859,15.64055061340332,5.1136322021484375,2.4539241790771484,1.9494061470031738,0.26752153038978577,,11.687362763285636,today
2026-09-30,Sonny Gray,BOS,NYY,Away,5.548300266265869,16.982656478881836,5.127712726593018,2.669314384460449,1.8525112867355347,0.2596476376056671,,16.20778097808361,today
2026-09-30,Hunter Brown,HOU,CWS,Home,6.511961460113525,17.001949310302734,4.6100053787231445,2.0495426654815674,1.784448504447937,0.21629783511161804,,21.7952284604311,today
2026-09-30,Max Fried,NYY,BOS,Home,4.993857383728027,15.927358627319336,4.979080677032471,2.252070665359497,1.8015995025634766,0.20599231123924255,,15.07004454433918,today
2026-09-30,Nick Pivetta,SD,CHC,Home,3.917783498764038,15.184513092041016,4.985564231872559,2.5117650032043457,1.8960151672363281,0.14931067824363708,,10.262411478161813,today
2026-09-30,Tyler Mahle,ATL,PHI,Home,4.595693588256836,16.382169723510742,5.144930839538574,2.8842203617095947,1.9276328086853027,0.17091302573680878,,12.100069727003573,today
2026-10-01,Ranger Suarez,BOS,NYY,Away,5.040030479431152,16.697168350219727,5.000213146209717,2.643904447555542,1.8456586599349976,0.2070939987897873,,14.716690899431706,tomorrow
2026-10-01,Gerrit Cole,NYY,BOS,Home,5.012914180755615,16.058958053588867,4.931055545806885,2.413865327835083,1.851525068283081,0.1833481788635254,,14.800397181510926,tomorrow
